id,kode_provinsi,nama_provinsi,kode_kabupaten_kota,nama_kabupaten_kota,kondisi_tanaman,luas_tanaman,satuan,tahun
1,32,JAWA BARAT,3201,KABUPATEN BOGOR,TANAM,0.0,HEKTAR,2016
2,32,JAWA BARAT,3201,KABUPATEN BOGOR,PANEN,0.0,HEKTAR,2016
3,32,JAWA BARAT,3202,KABUPATEN SUKABUMI,TANAM,0.0,HEKTAR,2016
4,32,JAWA BARAT,3202,KABUPATEN SUKABUMI,PANEN,0.0,HEKTAR,2016
5,32,JAWA BARAT,3203,KABUPATEN CIANJUR,TANAM,0.0,HEKTAR,2016
6,32,JAWA BARAT,3203,KABUPATEN CIANJUR,PANEN,0.0,HEKTAR,2016
7,32,JAWA BARAT,3204,KABUPATEN BANDUNG,TANAM,0.0,HEKTAR,2016
8,32,JAWA BARAT,3204,KABUPATEN BANDUNG,PANEN,0.0,HEKTAR,2016
9,32,JAWA BARAT,3205,KABUPATEN GARUT,TANAM,88.0,HEKTAR,2016
10,32,JAWA BARAT,3205,KABUPATEN GARUT,PANEN,88.0,HEKTAR,2016
11,32,JAWA BARAT,3206,KABUPATEN TASIKMALAYA,TANAM,0.0,HEKTAR,2016
12,32,JAWA BARAT,3206,KABUPATEN TASIKMALAYA,PANEN,0.0,HEKTAR,2016
13,32,JAWA BARAT,3207,KABUPATEN CIAMIS,TANAM,0.0,HEKTAR,2016
14,32,JAWA BARAT,3207,KABUPATEN CIAMIS,PANEN,0.0,HEKTAR,2016
15,32,JAWA BARAT,3208,KABUPATEN KUNINGAN,TANAM,540.0,HEKTAR,2016
16,32,JAWA BARAT,3208,KABUPATEN KUNINGAN,PANEN,540.0,HEKTAR,2016
17,32,JAWA BARAT,3209,KABUPATEN CIREBON,TANAM,4912.0,HEKTAR,2016
18,32,JAWA BARAT,3209,KABUPATEN CIREBON,PANEN,4912.0,HEKTAR,2016
19,32,JAWA BARAT,3210,KABUPATEN MAJALENGKA,TANAM,623.0,HEKTAR,2016
20,32,JAWA BARAT,3210,KABUPATEN MAJALENGKA,PANEN,623.0,HEKTAR,2016
21,32,JAWA BARAT,3211,KABUPATEN SUMEDANG,TANAM,66.0,HEKTAR,2016
22,32,JAWA BARAT,3211,KABUPATEN SUMEDANG,PANEN,66.0,HEKTAR,2016
23,32,JAWA BARAT,3212,KABUPATEN INDRAMAYU,TANAM,315.0,HEKTAR,2016
24,32,JAWA BARAT,3212,KABUPATEN INDRAMAYU,PANEN,315.0,HEKTAR,2016
25,32,JAWA BARAT,3213,KABUPATEN SUBANG,TANAM,126.0,HEKTAR,2016
26,32,JAWA BARAT,3213,KABUPATEN SUBANG,PANEN,126.0,HEKTAR,2016
27,32,JAWA BARAT,3214,KABUPATEN PURWAKARTA,TANAM,0.0,HEKTAR,2016
28,32,JAWA BARAT,3214,KABUPATEN PURWAKARTA,PANEN,0.0,HEKTAR,2016
29,32,JAWA BARAT,3215,KABUPATEN KARAWANG,TANAM,0.0,HEKTAR,2016
30,32,JAWA BARAT,3215,KABUPATEN KARAWANG,PANEN,0.0,HEKTAR,2016
31,32,JAWA BARAT,3216,KABUPATEN BEKASI,TANAM,0.0,HEKTAR,2016
32,32,JAWA BARAT,3216,KABUPATEN BEKASI,PANEN,0.0,HEKTAR,2016
33,32,JAWA BARAT,3217,KABUPATEN BANDUNG BARAT,TANAM,0.0,HEKTAR,2016
34,32,JAWA BARAT,3217,KABUPATEN BANDUNG BARAT,PANEN,0.0,HEKTAR,2016
35,32,JAWA BARAT,3218,KABUPATEN PANGANDARAN,TANAM,0.0,HEKTAR,2016
36,32,JAWA BARAT,3218,KABUPATEN PANGANDARAN,PANEN,0.0,HEKTAR,2016
37,32,JAWA BARAT,3271,KOTA BOGOR,TANAM,0.0,HEKTAR,2016
38,32,JAWA BARAT,3271,KOTA BOGOR,PANEN,0.0,HEKTAR,2016
39,32,JAWA BARAT,3272,KOTA SUKABUMI,TANAM,0.0,HEKTAR,2016
40,32,JAWA BARAT,3272,KOTA SUKABUMI,PANEN,0.0,HEKTAR,2016
41,32,JAWA BARAT,3273,KOTA BANDUNG,TANAM,0.0,HEKTAR,2016
42,32,JAWA BARAT,3273,KOTA BANDUNG,PANEN,0.0,HEKTAR,2016
43,32,JAWA BARAT,3274,KOTA CIREBON,TANAM,0.0,HEKTAR,2016
44,32,JAWA BARAT,3274,KOTA CIREBON,PANEN,0.0,HEKTAR,2016
45,32,JAWA BARAT,3275,KOTA BEKASI,TANAM,0.0,HEKTAR,2016
46,32,JAWA BARAT,3275,KOTA BEKASI,PANEN,0.0,HEKTAR,2016
47,32,JAWA BARAT,3276,KOTA DEPOK,TANAM,0.0,HEKTAR,2016
48,32,JAWA BARAT,3276,KOTA DEPOK,PANEN,0.0,HEKTAR,2016
49,32,JAWA BARAT,3277,KOTA CIMAHI,TANAM,0.0,HEKTAR,2016
50,32,JAWA BARAT,3277,KOTA CIMAHI,PANEN,0.0,HEKTAR,2016
51,32,JAWA BARAT,3278,KOTA TASIKMALAYA,TANAM,0.0,HEKTAR,2016
52,32,JAWA BARAT,3278,KOTA TASIKMALAYA,PANEN,0.0,HEKTAR,2016
53,32,JAWA BARAT,3279,KOTA BANJAR,TANAM,0.0,HEKTAR,2016
54,32,JAWA BARAT,3279,KOTA BANJAR,PANEN,0.0,HEKTAR,2016
55,32,JAWA BARAT,3201,KABUPATEN BOGOR,TANAM,0.0,HEKTAR,2017
56,32,JAWA BARAT,3201,KABUPATEN BOGOR,PANEN,0.0,HEKTAR,2017
57,32,JAWA BARAT,3202,KABUPATEN SUKABUMI,TANAM,0.0,HEKTAR,2017
58,32,JAWA BARAT,3202,KABUPATEN SUKABUMI,PANEN,0.0,HEKTAR,2017
59,32,JAWA BARAT,3203,KABUPATEN CIANJUR,TANAM,0.0,HEKTAR,2017
60,32,JAWA BARAT,3203,KABUPATEN CIANJUR,PANEN,0.0,HEKTAR,2017
61,32,JAWA BARAT,3204,KABUPATEN BANDUNG,TANAM,0.0,HEKTAR,2017
62,32,JAWA BARAT,3204,KABUPATEN BANDUNG,PANEN,0.0,HEKTAR,2017
63,32,JAWA BARAT,3205,KABUPATEN GARUT,TANAM,70.0,HEKTAR,2017
64,32,JAWA BARAT,3205,KABUPATEN GARUT,PANEN,70.0,HEKTAR,2017
65,32,JAWA BARAT,3206,KABUPATEN TASIKMALAYA,TANAM,0.0,HEKTAR,2017
66,32,JAWA BARAT,3206,KABUPATEN TASIKMALAYA,PANEN,0.0,HEKTAR,2017
67,32,JAWA BARAT,3207,KABUPATEN CIAMIS,TANAM,0.0,HEKTAR,2017
68,32,JAWA BARAT,3207,KABUPATEN CIAMIS,PANEN,0.0,HEKTAR,2017
69,32,JAWA BARAT,3208,KABUPATEN KUNINGAN,TANAM,551.0,HEKTAR,2017
70,32,JAWA BARAT,3208,KABUPATEN KUNINGAN,PANEN,551.0,HEKTAR,2017
71,32,JAWA BARAT,3209,KABUPATEN CIREBON,TANAM,4398.0,HEKTAR,2017
72,32,JAWA BARAT,3209,KABUPATEN CIREBON,PANEN,4398.0,HEKTAR,2017
73,32,JAWA BARAT,3210,KABUPATEN MAJALENGKA,TANAM,760.0,HEKTAR,2017
74,32,JAWA BARAT,3210,KABUPATEN MAJALENGKA,PANEN,760.0,HEKTAR,2017
75,32,JAWA BARAT,3211,KABUPATEN SUMEDANG,TANAM,33.0,HEKTAR,2017
76,32,JAWA BARAT,3211,KABUPATEN SUMEDANG,PANEN,33.0,HEKTAR,2017
77,32,JAWA BARAT,3212,KABUPATEN INDRAMAYU,TANAM,365.0,HEKTAR,2017
78,32,JAWA BARAT,3212,KABUPATEN INDRAMAYU,PANEN,365.0,HEKTAR,2017
79,32,JAWA BARAT,3213,KABUPATEN SUBANG,TANAM,86.0,HEKTAR,2017
80,32,JAWA BARAT,3213,KABUPATEN SUBANG,PANEN,86.0,HEKTAR,2017
81,32,JAWA BARAT,3214,KABUPATEN PURWAKARTA,TANAM,0.0,HEKTAR,2017
82,32,JAWA BARAT,3214,KABUPATEN PURWAKARTA,PANEN,0.0,HEKTAR,2017
83,32,JAWA BARAT,3215,KABUPATEN KARAWANG,TANAM,0.0,HEKTAR,2017
84,32,JAWA BARAT,3215,KABUPATEN KARAWANG,PANEN,0.0,HEKTAR,2017
85,32,JAWA BARAT,3216,KABUPATEN BEKASI,TANAM,0.0,HEKTAR,2017
86,32,JAWA BARAT,3216,KABUPATEN BEKASI,PANEN,0.0,HEKTAR,2017
87,32,JAWA BARAT,3217,KABUPATEN BANDUNG BARAT,TANAM,0.0,HEKTAR,2017
88,32,JAWA BARAT,3217,KABUPATEN BANDUNG BARAT,PANEN,0.0,HEKTAR,2017
89,32,JAWA BARAT,3218,KABUPATEN PANGANDARAN,TANAM,0.0,HEKTAR,2017
90,32,JAWA BARAT,3218,KABUPATEN PANGANDARAN,PANEN,0.0,HEKTAR,2017
91,32,JAWA BARAT,3271,KOTA BOGOR,TANAM,0.0,HEKTAR,2017
92,32,JAWA BARAT,3271,KOTA BOGOR,PANEN,0.0,HEKTAR,2017
93,32,JAWA BARAT,3272,KOTA SUKABUMI,TANAM,0.0,HEKTAR,2017
94,32,JAWA BARAT,3272,KOTA SUKABUMI,PANEN,0.0,HEKTAR,2017
95,32,JAWA BARAT,3273,KOTA BANDUNG,TANAM,0.0,HEKTAR,2017
96,32,JAWA BARAT,3273,KOTA BANDUNG,PANEN,0.0,HEKTAR,2017
97,32,JAWA BARAT,3274,KOTA CIREBON,TANAM,0.0,HEKTAR,2017
98,32,JAWA BARAT,3274,KOTA CIREBON,PANEN,0.0,HEKTAR,2017
99,32,JAWA BARAT,3275,KOTA BEKASI,TANAM,0.0,HEKTAR,2017
100,32,JAWA BARAT,3275,KOTA BEKASI,PANEN,0.0,HEKTAR,2017
101,32,JAWA BARAT,3276,KOTA DEPOK,TANAM,0.0,HEKTAR,2017
102,32,JAWA BARAT,3276,KOTA DEPOK,PANEN,0.0,HEKTAR,2017
103,32,JAWA BARAT,3277,KOTA CIMAHI,TANAM,0.0,HEKTAR,2017
104,32,JAWA BARAT,3277,KOTA CIMAHI,PANEN,0.0,HEKTAR,2017
105,32,JAWA BARAT,3278,KOTA TASIKMALAYA,TANAM,0.0,HEKTAR,2017
106,32,JAWA BARAT,3278,KOTA TASIKMALAYA,PANEN,0.0,HEKTAR,2017
107,32,JAWA BARAT,3279,KOTA BANJAR,TANAM,0.0,HEKTAR,2017
108,32,JAWA BARAT,3279,KOTA BANJAR,PANEN,0.0,HEKTAR,2017
109,32,JAWA BARAT,3201,KABUPATEN BOGOR,TANAM,0.0,HEKTAR,2018
110,32,JAWA BARAT,3201,KABUPATEN BOGOR,PANEN,0.0,HEKTAR,2018
111,32,JAWA BARAT,3202,KABUPATEN SUKABUMI,TANAM,0.0,HEKTAR,2018
112,32,JAWA BARAT,3202,KABUPATEN SUKABUMI,PANEN,0.0,HEKTAR,2018
113,32,JAWA BARAT,3203,KABUPATEN CIANJUR,TANAM,0.0,HEKTAR,2018
114,32,JAWA BARAT,3203,KABUPATEN CIANJUR,PANEN,0.0,HEKTAR,2018
115,32,JAWA BARAT,3204,KABUPATEN BANDUNG,TANAM,0.0,HEKTAR,2018
116,32,JAWA BARAT,3204,KABUPATEN BANDUNG,PANEN,0.0,HEKTAR,2018
117,32,JAWA BARAT,3205,KABUPATEN GARUT,TANAM,0.0,HEKTAR,2018
118,32,JAWA BARAT,3205,KABUPATEN GARUT,PANEN,0.0,HEKTAR,2018
119,32,JAWA BARAT,3206,KABUPATEN TASIKMALAYA,TANAM,0.0,HEKTAR,2018
120,32,JAWA BARAT,3206,KABUPATEN TASIKMALAYA,PANEN,0.0,HEKTAR,2018
121,32,JAWA BARAT,3207,KABUPATEN CIAMIS,TANAM,0.0,HEKTAR,2018
122,32,JAWA BARAT,3207,KABUPATEN CIAMIS,PANEN,0.0,HEKTAR,2018
123,32,JAWA BARAT,3208,KABUPATEN KUNINGAN,TANAM,473.0,HEKTAR,2018
124,32,JAWA BARAT,3208,KABUPATEN KUNINGAN,PANEN,473.0,HEKTAR,2018
125,32,JAWA BARAT,3209,KABUPATEN CIREBON,TANAM,4347.0,HEKTAR,2018
126,32,JAWA BARAT,3209,KABUPATEN CIREBON,PANEN,4347.0,HEKTAR,2018
127,32,JAWA BARAT,3210,KABUPATEN MAJALENGKA,TANAM,465.0,HEKTAR,2018
128,32,JAWA BARAT,3210,KABUPATEN MAJALENGKA,PANEN,465.0,HEKTAR,2018
129,32,JAWA BARAT,3211,KABUPATEN SUMEDANG,TANAM,34.0,HEKTAR,2018
130,32,JAWA BARAT,3211,KABUPATEN SUMEDANG,PANEN,34.0,HEKTAR,2018
131,32,JAWA BARAT,3212,KABUPATEN INDRAMAYU,TANAM,366.0,HEKTAR,2018
132,32,JAWA BARAT,3212,KABUPATEN INDRAMAYU,PANEN,366.0,HEKTAR,2018
133,32,JAWA BARAT,3213,KABUPATEN SUBANG,TANAM,40.0,HEKTAR,2018
134,32,JAWA BARAT,3213,KABUPATEN SUBANG,PANEN,40.0,HEKTAR,2018
135,32,JAWA BARAT,3214,KABUPATEN PURWAKARTA,TANAM,0.0,HEKTAR,2018
136,32,JAWA BARAT,3214,KABUPATEN PURWAKARTA,PANEN,0.0,HEKTAR,2018
137,32,JAWA BARAT,3215,KABUPATEN KARAWANG,TANAM,0.0,HEKTAR,2018
138,32,JAWA BARAT,3215,KABUPATEN KARAWANG,PANEN,0.0,HEKTAR,2018
139,32,JAWA BARAT,3216,KABUPATEN BEKASI,TANAM,0.0,HEKTAR,2018
140,32,JAWA BARAT,3216,KABUPATEN BEKASI,PANEN,0.0,HEKTAR,2018
141,32,JAWA BARAT,3217,KABUPATEN BANDUNG BARAT,TANAM,0.0,HEKTAR,2018
142,32,JAWA BARAT,3217,KABUPATEN BANDUNG BARAT,PANEN,0.0,HEKTAR,2018
143,32,JAWA BARAT,3218,KABUPATEN PANGANDARAN,TANAM,0.0,HEKTAR,2018
144,32,JAWA BARAT,3218,KABUPATEN PANGANDARAN,PANEN,0.0,HEKTAR,2018
145,32,JAWA BARAT,3271,KOTA BOGOR,TANAM,0.0,HEKTAR,2018
146,32,JAWA BARAT,3271,KOTA BOGOR,PANEN,0.0,HEKTAR,2018
147,32,JAWA BARAT,3272,KOTA SUKABUMI,TANAM,0.0,HEKTAR,2018
148,32,JAWA BARAT,3272,KOTA SUKABUMI,PANEN,0.0,HEKTAR,2018
149,32,JAWA BARAT,3273,KOTA BANDUNG,TANAM,0.0,HEKTAR,2018
150,32,JAWA BARAT,3273,KOTA BANDUNG,PANEN,0.0,HEKTAR,2018
151,32,JAWA BARAT,3274,KOTA CIREBON,TANAM,0.0,HEKTAR,2018
152,32,JAWA BARAT,3274,KOTA CIREBON,PANEN,0.0,HEKTAR,2018
153,32,JAWA BARAT,3275,KOTA BEKASI,TANAM,0.0,HEKTAR,2018
154,32,JAWA BARAT,3275,KOTA BEKASI,PANEN,0.0,HEKTAR,2018
155,32,JAWA BARAT,3276,KOTA DEPOK,TANAM,0.0,HEKTAR,2018
156,32,JAWA BARAT,3276,KOTA DEPOK,PANEN,0.0,HEKTAR,2018
157,32,JAWA BARAT,3277,KOTA CIMAHI,TANAM,0.0,HEKTAR,2018
158,32,JAWA BARAT,3277,KOTA CIMAHI,PANEN,0.0,HEKTAR,2018
159,32,JAWA BARAT,3278,KOTA TASIKMALAYA,TANAM,0.0,HEKTAR,2018
160,32,JAWA BARAT,3278,KOTA TASIKMALAYA,PANEN,0.0,HEKTAR,2018
161,32,JAWA BARAT,3279,KOTA BANJAR,TANAM,0.0,HEKTAR,2018
162,32,JAWA BARAT,3279,KOTA BANJAR,PANEN,0.0,HEKTAR,2018
163,32,JAWA BARAT,3201,KABUPATEN BOGOR,TANAM,0.0,HEKTAR,2019
164,32,JAWA BARAT,3201,KABUPATEN BOGOR,PANEN,0.0,HEKTAR,2019
165,32,JAWA BARAT,3202,KABUPATEN SUKABUMI,TANAM,0.0,HEKTAR,2019
166,32,JAWA BARAT,3202,KABUPATEN SUKABUMI,PANEN,0.0,HEKTAR,2019
167,32,JAWA BARAT,3203,KABUPATEN CIANJUR,TANAM,0.0,HEKTAR,2019
168,32,JAWA BARAT,3203,KABUPATEN CIANJUR,PANEN,0.0,HEKTAR,2019
169,32,JAWA BARAT,3204,KABUPATEN BANDUNG,TANAM,0.0,HEKTAR,2019
170,32,JAWA BARAT,3204,KABUPATEN BANDUNG,PANEN,0.0,HEKTAR,2019
171,32,JAWA BARAT,3205,KABUPATEN GARUT,TANAM,0.0,HEKTAR,2019
172,32,JAWA BARAT,3205,KABUPATEN GARUT,PANEN,0.0,HEKTAR,2019
173,32,JAWA BARAT,3206,KABUPATEN TASIKMALAYA,TANAM,0.0,HEKTAR,2019
174,32,JAWA BARAT,3206,KABUPATEN TASIKMALAYA,PANEN,0.0,HEKTAR,2019
175,32,JAWA BARAT,3207,KABUPATEN CIAMIS,TANAM,0.0,HEKTAR,2019
176,32,JAWA BARAT,3207,KABUPATEN CIAMIS,PANEN,0.0,HEKTAR,2019
177,32,JAWA BARAT,3208,KABUPATEN KUNINGAN,TANAM,329.0,HEKTAR,2019
178,32,JAWA BARAT,3208,KABUPATEN KUNINGAN,PANEN,329.0,HEKTAR,2019
179,32,JAWA BARAT,3209,KABUPATEN CIREBON,TANAM,3945.0,HEKTAR,2019
180,32,JAWA BARAT,3209,KABUPATEN CIREBON,PANEN,3945.0,HEKTAR,2019
181,32,JAWA BARAT,3210,KABUPATEN MAJALENGKA,TANAM,458.0,HEKTAR,2019
182,32,JAWA BARAT,3210,KABUPATEN MAJALENGKA,PANEN,458.0,HEKTAR,2019
183,32,JAWA BARAT,3211,KABUPATEN SUMEDANG,TANAM,17.0,HEKTAR,2019
184,32,JAWA BARAT,3211,KABUPATEN SUMEDANG,PANEN,17.0,HEKTAR,2019
185,32,JAWA BARAT,3212,KABUPATEN INDRAMAYU,TANAM,353.0,HEKTAR,2019
186,32,JAWA BARAT,3212,KABUPATEN INDRAMAYU,PANEN,353.0,HEKTAR,2019
187,32,JAWA BARAT,3213,KABUPATEN SUBANG,TANAM,500.0,HEKTAR,2019
188,32,JAWA BARAT,3213,KABUPATEN SUBANG,PANEN,500.0,HEKTAR,2019
189,32,JAWA BARAT,3214,KABUPATEN PURWAKARTA,TANAM,0.0,HEKTAR,2019
190,32,JAWA BARAT,3214,KABUPATEN PURWAKARTA,PANEN,0.0,HEKTAR,2019
191,32,JAWA BARAT,3215,KABUPATEN KARAWANG,TANAM,0.0,HEKTAR,2019
192,32,JAWA BARAT,3215,KABUPATEN KARAWANG,PANEN,0.0,HEKTAR,2019
193,32,JAWA BARAT,3216,KABUPATEN BEKASI,TANAM,0.0,HEKTAR,2019
194,32,JAWA BARAT,3216,KABUPATEN BEKASI,PANEN,0.0,HEKTAR,2019
195,32,JAWA BARAT,3217,KABUPATEN BANDUNG BARAT,TANAM,0.0,HEKTAR,2019
196,32,JAWA BARAT,3217,KABUPATEN BANDUNG BARAT,PANEN,0.0,HEKTAR,2019
197,32,JAWA BARAT,3218,KABUPATEN PANGANDARAN,TANAM,0.0,HEKTAR,2019
198,32,JAWA BARAT,3218,KABUPATEN PANGANDARAN,PANEN,0.0,HEKTAR,2019
199,32,JAWA BARAT,3271,KOTA BOGOR,TANAM,0.0,HEKTAR,2019
200,32,JAWA BARAT,3271,KOTA BOGOR,PANEN,0.0,HEKTAR,2019
201,32,JAWA BARAT,3272,KOTA SUKABUMI,TANAM,0.0,HEKTAR,2019
202,32,JAWA BARAT,3272,KOTA SUKABUMI,PANEN,0.0,HEKTAR,2019
203,32,JAWA BARAT,3273,KOTA BANDUNG,TANAM,0.0,HEKTAR,2019
204,32,JAWA BARAT,3273,KOTA BANDUNG,PANEN,0.0,HEKTAR,2019
205,32,JAWA BARAT,3274,KOTA CIREBON,TANAM,0.0,HEKTAR,2019
206,32,JAWA BARAT,3274,KOTA CIREBON,PANEN,0.0,HEKTAR,2019
207,32,JAWA BARAT,3275,KOTA BEKASI,TANAM,0.0,HEKTAR,2019
208,32,JAWA BARAT,3275,KOTA BEKASI,PANEN,0.0,HEKTAR,2019
209,32,JAWA BARAT,3276,KOTA DEPOK,TANAM,0.0,HEKTAR,2019
210,32,JAWA BARAT,3276,KOTA DEPOK,PANEN,0.0,HEKTAR,2019
211,32,JAWA BARAT,3277,KOTA CIMAHI,TANAM,0.0,HEKTAR,2019
212,32,JAWA BARAT,3277,KOTA CIMAHI,PANEN,0.0,HEKTAR,2019
213,32,JAWA BARAT,3278,KOTA TASIKMALAYA,TANAM,0.0,HEKTAR,2019
214,32,JAWA BARAT,3278,KOTA TASIKMALAYA,PANEN,0.0,HEKTAR,2019
215,32,JAWA BARAT,3279,KOTA BANJAR,TANAM,0.0,HEKTAR,2019
216,32,JAWA BARAT,3279,KOTA BANJAR,PANEN,0.0,HEKTAR,2019
217,32,JAWA BARAT,3201,KABUPATEN BOGOR,TANAM,0.0,HEKTAR,2020
218,32,JAWA BARAT,3201,KABUPATEN BOGOR,PANEN,0.0,HEKTAR,2020
219,32,JAWA BARAT,3202,KABUPATEN SUKABUMI,TANAM,0.0,HEKTAR,2020
220,32,JAWA BARAT,3202,KABUPATEN SUKABUMI,PANEN,0.0,HEKTAR,2020
221,32,JAWA BARAT,3203,KABUPATEN CIANJUR,TANAM,0.0,HEKTAR,2020
222,32,JAWA BARAT,3203,KABUPATEN CIANJUR,PANEN,0.0,HEKTAR,2020
223,32,JAWA BARAT,3204,KABUPATEN BANDUNG,TANAM,0.0,HEKTAR,2020
224,32,JAWA BARAT,3204,KABUPATEN BANDUNG,PANEN,0.0,HEKTAR,2020
225,32,JAWA BARAT,3205,KABUPATEN GARUT,TANAM,0.0,HEKTAR,2020
226,32,JAWA BARAT,3205,KABUPATEN GARUT,PANEN,0.0,HEKTAR,2020
227,32,JAWA BARAT,3206,KABUPATEN TASIKMALAYA,TANAM,0.0,HEKTAR,2020
228,32,JAWA BARAT,3206,KABUPATEN TASIKMALAYA,PANEN,0.0,HEKTAR,2020
229,32,JAWA BARAT,3207,KABUPATEN CIAMIS,TANAM,0.0,HEKTAR,2020
230,32,JAWA BARAT,3207,KABUPATEN CIAMIS,PANEN,0.0,HEKTAR,2020
231,32,JAWA BARAT,3208,KABUPATEN KUNINGAN,TANAM,304.0,HEKTAR,2020
232,32,JAWA BARAT,3208,KABUPATEN KUNINGAN,PANEN,304.0,HEKTAR,2020
233,32,JAWA BARAT,3209,KABUPATEN CIREBON,TANAM,3460.0,HEKTAR,2020
234,32,JAWA BARAT,3209,KABUPATEN CIREBON,PANEN,3460.0,HEKTAR,2020
235,32,JAWA BARAT,3210,KABUPATEN MAJALENGKA,TANAM,3223.0,HEKTAR,2020
236,32,JAWA BARAT,3210,KABUPATEN MAJALENGKA,PANEN,3223.0,HEKTAR,2020
237,32,JAWA BARAT,3211,KABUPATEN SUMEDANG,TANAM,70.0,HEKTAR,2020
238,32,JAWA BARAT,3211,KABUPATEN SUMEDANG,PANEN,70.0,HEKTAR,2020
239,32,JAWA BARAT,3212,KABUPATEN INDRAMAYU,TANAM,976.0,HEKTAR,2020
240,32,JAWA BARAT,3212,KABUPATEN INDRAMAYU,PANEN,976.0,HEKTAR,2020
241,32,JAWA BARAT,3213,KABUPATEN SUBANG,TANAM,1583.0,HEKTAR,2020
242,32,JAWA BARAT,3213,KABUPATEN SUBANG,PANEN,1583.0,HEKTAR,2020
243,32,JAWA BARAT,3214,KABUPATEN PURWAKARTA,TANAM,0.0,HEKTAR,2020
244,32,JAWA BARAT,3214,KABUPATEN PURWAKARTA,PANEN,0.0,HEKTAR,2020
245,32,JAWA BARAT,3215,KABUPATEN KARAWANG,TANAM,0.0,HEKTAR,2020
246,32,JAWA BARAT,3215,KABUPATEN KARAWANG,PANEN,0.0,HEKTAR,2020
247,32,JAWA BARAT,3216,KABUPATEN BEKASI,TANAM,0.0,HEKTAR,2020
248,32,JAWA BARAT,3216,KABUPATEN BEKASI,PANEN,0.0,HEKTAR,2020
249,32,JAWA BARAT,3217,KABUPATEN BANDUNG BARAT,TANAM,0.0,HEKTAR,2020
250,32,JAWA BARAT,3217,KABUPATEN BANDUNG BARAT,PANEN,0.0,HEKTAR,2020
251,32,JAWA BARAT,3218,KABUPATEN PANGANDARAN,TANAM,0.0,HEKTAR,2020
252,32,JAWA BARAT,3218,KABUPATEN PANGANDARAN,PANEN,0.0,HEKTAR,2020
253,32,JAWA BARAT,3271,KOTA BOGOR,TANAM,0.0,HEKTAR,2020
254,32,JAWA BARAT,3271,KOTA BOGOR,PANEN,0.0,HEKTAR,2020
255,32,JAWA BARAT,3272,KOTA SUKABUMI,TANAM,0.0,HEKTAR,2020
256,32,JAWA BARAT,3272,KOTA SUKABUMI,PANEN,0.0,HEKTAR,2020
257,32,JAWA BARAT,3273,KOTA BANDUNG,TANAM,0.0,HEKTAR,2020
258,32,JAWA BARAT,3273,KOTA BANDUNG,PANEN,0.0,HEKTAR,2020
259,32,JAWA BARAT,3274,KOTA CIREBON,TANAM,0.0,HEKTAR,2020
260,32,JAWA BARAT,3274,KOTA CIREBON,PANEN,0.0,HEKTAR,2020
261,32,JAWA BARAT,3275,KOTA BEKASI,TANAM,0.0,HEKTAR,2020
262,32,JAWA BARAT,3275,KOTA BEKASI,PANEN,0.0,HEKTAR,2020
263,32,JAWA BARAT,3276,KOTA DEPOK,TANAM,0.0,HEKTAR,2020
264,32,JAWA BARAT,3276,KOTA DEPOK,PANEN,0.0,HEKTAR,2020
265,32,JAWA BARAT,3277,KOTA CIMAHI,TANAM,0.0,HEKTAR,2020
266,32,JAWA BARAT,3277,KOTA CIMAHI,PANEN,0.0,HEKTAR,2020
267,32,JAWA BARAT,3278,KOTA TASIKMALAYA,TANAM,0.0,HEKTAR,2020
268,32,JAWA BARAT,3278,KOTA TASIKMALAYA,PANEN,0.0,HEKTAR,2020
269,32,JAWA BARAT,3279,KOTA BANJAR,TANAM,0.0,HEKTAR,2020
270,32,JAWA BARAT,3279,KOTA BANJAR,PANEN,0.0,HEKTAR,2020
271,32,JAWA BARAT,3201,KABUPATEN BOGOR,TANAM,0.0,HEKTAR,2021
272,32,JAWA BARAT,3201,KABUPATEN BOGOR,PANEN,0.0,HEKTAR,2021
273,32,JAWA BARAT,3202,KABUPATEN SUKABUMI,TANAM,0.0,HEKTAR,2021
274,32,JAWA BARAT,3202,KABUPATEN SUKABUMI,PANEN,0.0,HEKTAR,2021
275,32,JAWA BARAT,3203,KABUPATEN CIANJUR,TANAM,0.0,HEKTAR,2021
276,32,JAWA BARAT,3203,KABUPATEN CIANJUR,PANEN,0.0,HEKTAR,2021
277,32,JAWA BARAT,3204,KABUPATEN BANDUNG,TANAM,0.0,HEKTAR,2021
278,32,JAWA BARAT,3204,KABUPATEN BANDUNG,PANEN,0.0,HEKTAR,2021
279,32,JAWA BARAT,3205,KABUPATEN GARUT,TANAM,0.0,HEKTAR,2021
280,32,JAWA BARAT,3205,KABUPATEN GARUT,PANEN,0.0,HEKTAR,2021
281,32,JAWA BARAT,3206,KABUPATEN TASIKMALAYA,TANAM,0.0,HEKTAR,2021
282,32,JAWA BARAT,3206,KABUPATEN TASIKMALAYA,PANEN,0.0,HEKTAR,2021
283,32,JAWA BARAT,3207,KABUPATEN CIAMIS,TANAM,0.0,HEKTAR,2021
284,32,JAWA BARAT,3207,KABUPATEN CIAMIS,PANEN,0.0,HEKTAR,2021
285,32,JAWA BARAT,3208,KABUPATEN KUNINGAN,TANAM,207.0,HEKTAR,2021
286,32,JAWA BARAT,3208,KABUPATEN KUNINGAN,PANEN,207.0,HEKTAR,2021
287,32,JAWA BARAT,3209,KABUPATEN CIREBON,TANAM,3671.0,HEKTAR,2021
288,32,JAWA BARAT,3209,KABUPATEN CIREBON,PANEN,3671.0,HEKTAR,2021
289,32,JAWA BARAT,3210,KABUPATEN MAJALENGKA,TANAM,3312.0,HEKTAR,2021
290,32,JAWA BARAT,3210,KABUPATEN MAJALENGKA,PANEN,3312.0,HEKTAR,2021
291,32,JAWA BARAT,3211,KABUPATEN SUMEDANG,TANAM,19.0,HEKTAR,2021
292,32,JAWA BARAT,3211,KABUPATEN SUMEDANG,PANEN,19.0,HEKTAR,2021
293,32,JAWA BARAT,3212,KABUPATEN INDRAMAYU,TANAM,1406.0,HEKTAR,2021
294,32,JAWA BARAT,3212,KABUPATEN INDRAMAYU,PANEN,1406.0,HEKTAR,2021
295,32,JAWA BARAT,3213,KABUPATEN SUBANG,TANAM,2928.0,HEKTAR,2021
296,32,JAWA BARAT,3213,KABUPATEN SUBANG,PANEN,2928.0,HEKTAR,2021
297,32,JAWA BARAT,3214,KABUPATEN PURWAKARTA,TANAM,0.0,HEKTAR,2021
298,32,JAWA BARAT,3214,KABUPATEN PURWAKARTA,PANEN,0.0,HEKTAR,2021
299,32,JAWA BARAT,3215,KABUPATEN KARAWANG,TANAM,0.0,HEKTAR,2021
300,32,JAWA BARAT,3215,KABUPATEN KARAWANG,PANEN,0.0,HEKTAR,2021
301,32,JAWA BARAT,3216,KABUPATEN BEKASI,TANAM,0.0,HEKTAR,2021
302,32,JAWA BARAT,3216,KABUPATEN BEKASI,PANEN,0.0,HEKTAR,2021
303,32,JAWA BARAT,3217,KABUPATEN BANDUNG BARAT,TANAM,0.0,HEKTAR,2021
304,32,JAWA BARAT,3217,KABUPATEN BANDUNG BARAT,PANEN,0.0,HEKTAR,2021
305,32,JAWA BARAT,3218,KABUPATEN PANGANDARAN,TANAM,0.0,HEKTAR,2021
306,32,JAWA BARAT,3218,KABUPATEN PANGANDARAN,PANEN,0.0,HEKTAR,2021
307,32,JAWA BARAT,3271,KOTA BOGOR,TANAM,0.0,HEKTAR,2021
308,32,JAWA BARAT,3271,KOTA BOGOR,PANEN,0.0,HEKTAR,2021
309,32,JAWA BARAT,3272,KOTA SUKABUMI,TANAM,0.0,HEKTAR,2021
310,32,JAWA BARAT,3272,KOTA SUKABUMI,PANEN,0.0,HEKTAR,2021
311,32,JAWA BARAT,3273,KOTA BANDUNG,TANAM,0.0,HEKTAR,2021
312,32,JAWA BARAT,3273,KOTA BANDUNG,PANEN,0.0,HEKTAR,2021
313,32,JAWA BARAT,3274,KOTA CIREBON,TANAM,0.0,HEKTAR,2021
314,32,JAWA BARAT,3274,KOTA CIREBON,PANEN,0.0,HEKTAR,2021
315,32,JAWA BARAT,3275,KOTA BEKASI,TANAM,0.0,HEKTAR,2021
316,32,JAWA BARAT,3275,KOTA BEKASI,PANEN,0.0,HEKTAR,2021
317,32,JAWA BARAT,3276,KOTA DEPOK,TANAM,0.0,HEKTAR,2021
318,32,JAWA BARAT,3276,KOTA DEPOK,PANEN,0.0,HEKTAR,2021
319,32,JAWA BARAT,3277,KOTA CIMAHI,TANAM,0.0,HEKTAR,2021
320,32,JAWA BARAT,3277,KOTA CIMAHI,PANEN,0.0,HEKTAR,2021
321,32,JAWA BARAT,3278,KOTA TASIKMALAYA,TANAM,0.0,HEKTAR,2021
322,32,JAWA BARAT,3278,KOTA TASIKMALAYA,PANEN,0.0,HEKTAR,2021
323,32,JAWA BARAT,3279,KOTA BANJAR,TANAM,0.0,HEKTAR,2021
324,32,JAWA BARAT,3279,KOTA BANJAR,PANEN,0.0,HEKTAR,2021
325,32,JAWA BARAT,3201,KABUPATEN BOGOR,TANAM,0.0,HEKTAR,2022
326,32,JAWA BARAT,3201,KABUPATEN BOGOR,PANEN,0.0,HEKTAR,2022
327,32,JAWA BARAT,3202,KABUPATEN SUKABUMI,TANAM,0.0,HEKTAR,2022
328,32,JAWA BARAT,3202,KABUPATEN SUKABUMI,PANEN,0.0,HEKTAR,2022
329,32,JAWA BARAT,3203,KABUPATEN CIANJUR,TANAM,0.0,HEKTAR,2022
330,32,JAWA BARAT,3203,KABUPATEN CIANJUR,PANEN,0.0,HEKTAR,2022
331,32,JAWA BARAT,3204,KABUPATEN BANDUNG,TANAM,0.0,HEKTAR,2022
332,32,JAWA BARAT,3204,KABUPATEN BANDUNG,PANEN,0.0,HEKTAR,2022
333,32,JAWA BARAT,3205,KABUPATEN GARUT,TANAM,0.0,HEKTAR,2022
334,32,JAWA BARAT,3205,KABUPATEN GARUT,PANEN,0.0,HEKTAR,2022
335,32,JAWA BARAT,3206,KABUPATEN TASIKMALAYA,TANAM,0.0,HEKTAR,2022
336,32,JAWA BARAT,3206,KABUPATEN TASIKMALAYA,PANEN,0.0,HEKTAR,2022
337,32,JAWA BARAT,3207,KABUPATEN CIAMIS,TANAM,0.0,HEKTAR,2022
338,32,JAWA BARAT,3207,KABUPATEN CIAMIS,PANEN,0.0,HEKTAR,2022
339,32,JAWA BARAT,3208,KABUPATEN KUNINGAN,TANAM,202.0,HEKTAR,2022
340,32,JAWA BARAT,3208,KABUPATEN KUNINGAN,PANEN,202.0,HEKTAR,2022
341,32,JAWA BARAT,3209,KABUPATEN CIREBON,TANAM,4216.0,HEKTAR,2022
342,32,JAWA BARAT,3209,KABUPATEN CIREBON,PANEN,4216.0,HEKTAR,2022
343,32,JAWA BARAT,3210,KABUPATEN MAJALENGKA,TANAM,4035.0,HEKTAR,2022
344,32,JAWA BARAT,3210,KABUPATEN MAJALENGKA,PANEN,4035.0,HEKTAR,2022
345,32,JAWA BARAT,3211,KABUPATEN SUMEDANG,TANAM,24.0,HEKTAR,2022
346,32,JAWA BARAT,3211,KABUPATEN SUMEDANG,PANEN,24.0,HEKTAR,2022
347,32,JAWA BARAT,3212,KABUPATEN INDRAMAYU,TANAM,2030.0,HEKTAR,2022
348,32,JAWA BARAT,3212,KABUPATEN INDRAMAYU,PANEN,2030.0,HEKTAR,2022
349,32,JAWA BARAT,3213,KABUPATEN SUBANG,TANAM,3244.0,HEKTAR,2022
350,32,JAWA BARAT,3213,KABUPATEN SUBANG,PANEN,3244.0,HEKTAR,2022
351,32,JAWA BARAT,3214,KABUPATEN PURWAKARTA,TANAM,0.0,HEKTAR,2022
352,32,JAWA BARAT,3214,KABUPATEN PURWAKARTA,PANEN,0.0,HEKTAR,2022
353,32,JAWA BARAT,3215,KABUPATEN KARAWANG,TANAM,0.0,HEKTAR,2022
354,32,JAWA BARAT,3215,KABUPATEN KARAWANG,PANEN,0.0,HEKTAR,2022
355,32,JAWA BARAT,3216,KABUPATEN BEKASI,TANAM,0.0,HEKTAR,2022
356,32,JAWA BARAT,3216,KABUPATEN BEKASI,PANEN,0.0,HEKTAR,2022
357,32,JAWA BARAT,3217,KABUPATEN BANDUNG BARAT,TANAM,0.0,HEKTAR,2022
358,32,JAWA BARAT,3217,KABUPATEN BANDUNG BARAT,PANEN,0.0,HEKTAR,2022
359,32,JAWA BARAT,3218,KABUPATEN PANGANDARAN,TANAM,0.0,HEKTAR,2022
360,32,JAWA BARAT,3218,KABUPATEN PANGANDARAN,PANEN,0.0,HEKTAR,2022
361,32,JAWA BARAT,3271,KOTA BOGOR,TANAM,0.0,HEKTAR,2022
362,32,JAWA BARAT,3271,KOTA BOGOR,PANEN,0.0,HEKTAR,2022
363,32,JAWA BARAT,3272,KOTA SUKABUMI,TANAM,0.0,HEKTAR,2022
364,32,JAWA BARAT,3272,KOTA SUKABUMI,PANEN,0.0,HEKTAR,2022
365,32,JAWA BARAT,3273,KOTA BANDUNG,TANAM,0.0,HEKTAR,2022
366,32,JAWA BARAT,3273,KOTA BANDUNG,PANEN,0.0,HEKTAR,2022
367,32,JAWA BARAT,3274,KOTA CIREBON,TANAM,0.0,HEKTAR,2022
368,32,JAWA BARAT,3274,KOTA CIREBON,PANEN,0.0,HEKTAR,2022
369,32,JAWA BARAT,3275,KOTA BEKASI,TANAM,0.0,HEKTAR,2022
370,32,JAWA BARAT,3275,KOTA BEKASI,PANEN,0.0,HEKTAR,2022
371,32,JAWA BARAT,3276,KOTA DEPOK,TANAM,0.0,HEKTAR,2022
372,32,JAWA BARAT,3276,KOTA DEPOK,PANEN,0.0,HEKTAR,2022
373,32,JAWA BARAT,3277,KOTA CIMAHI,TANAM,0.0,HEKTAR,2022
374,32,JAWA BARAT,3277,KOTA CIMAHI,PANEN,0.0,HEKTAR,2022
375,32,JAWA BARAT,3278,KOTA TASIKMALAYA,TANAM,0.0,HEKTAR,2022
376,32,JAWA BARAT,3278,KOTA TASIKMALAYA,PANEN,0.0,HEKTAR,2022
377,32,JAWA BARAT,3279,KOTA BANJAR,TANAM,0.0,HEKTAR,2022
378,32,JAWA BARAT,3279,KOTA BANJAR,PANEN,0.0,HEKTAR,2022
379,32,JAWA BARAT,3201,KABUPATEN BOGOR,TANAM,0.0,HEKTAR,2023
380,32,JAWA BARAT,3201,KABUPATEN BOGOR,PANEN,0.0,HEKTAR,2023
381,32,JAWA BARAT,3202,KABUPATEN SUKABUMI,TANAM,0.0,HEKTAR,2023
382,32,JAWA BARAT,3202,KABUPATEN SUKABUMI,PANEN,0.0,HEKTAR,2023
383,32,JAWA BARAT,3203,KABUPATEN CIANJUR,TANAM,0.0,HEKTAR,2023
384,32,JAWA BARAT,3203,KABUPATEN CIANJUR,PANEN,0.0,HEKTAR,2023
385,32,JAWA BARAT,3204,KABUPATEN BANDUNG,TANAM,0.0,HEKTAR,2023
386,32,JAWA BARAT,3204,KABUPATEN BANDUNG,PANEN,0.0,HEKTAR,2023
387,32,JAWA BARAT,3205,KABUPATEN GARUT,TANAM,0.0,HEKTAR,2023
388,32,JAWA BARAT,3205,KABUPATEN GARUT,PANEN,0.0,HEKTAR,2023
389,32,JAWA BARAT,3206,KABUPATEN TASIKMALAYA,TANAM,0.0,HEKTAR,2023
390,32,JAWA BARAT,3206,KABUPATEN TASIKMALAYA,PANEN,0.0,HEKTAR,2023
391,32,JAWA BARAT,3207,KABUPATEN CIAMIS,TANAM,0.0,HEKTAR,2023
392,32,JAWA BARAT,3207,KABUPATEN CIAMIS,PANEN,0.0,HEKTAR,2023
393,32,JAWA BARAT,3208,KABUPATEN KUNINGAN,TANAM,204.0,HEKTAR,2023
394,32,JAWA BARAT,3208,KABUPATEN KUNINGAN,PANEN,204.0,HEKTAR,2023
395,32,JAWA BARAT,3209,KABUPATEN CIREBON,TANAM,4493.2,HEKTAR,2023
396,32,JAWA BARAT,3209,KABUPATEN CIREBON,PANEN,4493.2,HEKTAR,2023
397,32,JAWA BARAT,3210,KABUPATEN MAJALENGKA,TANAM,4005.5,HEKTAR,2023
398,32,JAWA BARAT,3210,KABUPATEN MAJALENGKA,PANEN,4005.5,HEKTAR,2023
399,32,JAWA BARAT,3211,KABUPATEN SUMEDANG,TANAM,12.0,HEKTAR,2023
400,32,JAWA BARAT,3211,KABUPATEN SUMEDANG,PANEN,12.0,HEKTAR,2023
401,32,JAWA BARAT,3212,KABUPATEN INDRAMAYU,TANAM,2843.9,HEKTAR,2023
402,32,JAWA BARAT,3212,KABUPATEN INDRAMAYU,PANEN,2843.9,HEKTAR,2023
403,32,JAWA BARAT,3213,KABUPATEN SUBANG,TANAM,3475.1,HEKTAR,2023
404,32,JAWA BARAT,3213,KABUPATEN SUBANG,PANEN,3475.1,HEKTAR,2023
405,32,JAWA BARAT,3214,KABUPATEN PURWAKARTA,TANAM,0.0,HEKTAR,2023
406,32,JAWA BARAT,3214,KABUPATEN PURWAKARTA,PANEN,0.0,HEKTAR,2023
407,32,JAWA BARAT,3215,KABUPATEN KARAWANG,TANAM,0.0,HEKTAR,2023
408,32,JAWA BARAT,3215,KABUPATEN KARAWANG,PANEN,0.0,HEKTAR,2023
409,32,JAWA BARAT,3216,KABUPATEN BEKASI,TANAM,0.0,HEKTAR,2023
410,32,JAWA BARAT,3216,KABUPATEN BEKASI,PANEN,0.0,HEKTAR,2023
411,32,JAWA BARAT,3217,KABUPATEN BANDUNG BARAT,TANAM,0.0,HEKTAR,2023
412,32,JAWA BARAT,3217,KABUPATEN BANDUNG BARAT,PANEN,0.0,HEKTAR,2023
413,32,JAWA BARAT,3218,KABUPATEN PANGANDARAN,TANAM,0.0,HEKTAR,2023
414,32,JAWA BARAT,3218,KABUPATEN PANGANDARAN,PANEN,0.0,HEKTAR,2023
415,32,JAWA BARAT,3271,KOTA BOGOR,TANAM,0.0,HEKTAR,2023
416,32,JAWA BARAT,3271,KOTA BOGOR,PANEN,0.0,HEKTAR,2023
417,32,JAWA BARAT,3272,KOTA SUKABUMI,TANAM,0.0,HEKTAR,2023
418,32,JAWA BARAT,3272,KOTA SUKABUMI,PANEN,0.0,HEKTAR,2023
419,32,JAWA BARAT,3273,KOTA BANDUNG,TANAM,0.0,HEKTAR,2023
420,32,JAWA BARAT,3273,KOTA BANDUNG,PANEN,0.0,HEKTAR,2023
421,32,JAWA BARAT,3274,KOTA CIREBON,TANAM,0.0,HEKTAR,2023
422,32,JAWA BARAT,3274,KOTA CIREBON,PANEN,0.0,HEKTAR,2023
423,32,JAWA BARAT,3275,KOTA BEKASI,TANAM,0.0,HEKTAR,2023
424,32,JAWA BARAT,3275,KOTA BEKASI,PANEN,0.0,HEKTAR,2023
425,32,JAWA BARAT,3276,KOTA DEPOK,TANAM,0.0,HEKTAR,2023
426,32,JAWA BARAT,3276,KOTA DEPOK,PANEN,0.0,HEKTAR,2023
427,32,JAWA BARAT,3277,KOTA CIMAHI,TANAM,0.0,HEKTAR,2023
428,32,JAWA BARAT,3277,KOTA CIMAHI,PANEN,0.0,HEKTAR,2023
429,32,JAWA BARAT,3278,KOTA TASIKMALAYA,TANAM,0.0,HEKTAR,2023
430,32,JAWA BARAT,3278,KOTA TASIKMALAYA,PANEN,0.0,HEKTAR,2023
431,32,JAWA BARAT,3279,KOTA BANJAR,TANAM,0.0,HEKTAR,2023
432,32,JAWA BARAT,3279,KOTA BANJAR,PANEN,0.0,HEKTAR,2023
433,32,JAWA BARAT,3201,KABUPATEN BOGOR,TANAM,0.0,HEKTAR,2024
434,32,JAWA BARAT,3201,KABUPATEN BOGOR,PANEN,0.0,HEKTAR,2024
435,32,JAWA BARAT,3202,KABUPATEN SUKABUMI,TANAM,0.0,HEKTAR,2024
436,32,JAWA BARAT,3202,KABUPATEN SUKABUMI,PANEN,0.0,HEKTAR,2024
437,32,JAWA BARAT,3203,KABUPATEN CIANJUR,TANAM,0.0,HEKTAR,2024
438,32,JAWA BARAT,3203,KABUPATEN CIANJUR,PANEN,0.0,HEKTAR,2024
439,32,JAWA BARAT,3204,KABUPATEN BANDUNG,TANAM,0.0,HEKTAR,2024
440,32,JAWA BARAT,3204,KABUPATEN BANDUNG,PANEN,0.0,HEKTAR,2024
441,32,JAWA BARAT,3205,KABUPATEN GARUT,TANAM,0.0,HEKTAR,2024
442,32,JAWA BARAT,3205,KABUPATEN GARUT,PANEN,0.0,HEKTAR,2024
443,32,JAWA BARAT,3206,KABUPATEN TASIKMALAYA,TANAM,0.0,HEKTAR,2024
444,32,JAWA BARAT,3206,KABUPATEN TASIKMALAYA,PANEN,0.0,HEKTAR,2024
445,32,JAWA BARAT,3207,KABUPATEN CIAMIS,TANAM,0.0,HEKTAR,2024
446,32,JAWA BARAT,3207,KABUPATEN CIAMIS,PANEN,0.0,HEKTAR,2024
447,32,JAWA BARAT,3208,KABUPATEN KUNINGAN,TANAM,228.0,HEKTAR,2024
448,32,JAWA BARAT,3208,KABUPATEN KUNINGAN,PANEN,228.0,HEKTAR,2024
449,32,JAWA BARAT,3209,KABUPATEN CIREBON,TANAM,4533.0,HEKTAR,2024
450,32,JAWA BARAT,3209,KABUPATEN CIREBON,PANEN,4533.0,HEKTAR,2024
451,32,JAWA BARAT,3210,KABUPATEN MAJALENGKA,TANAM,3643.0,HEKTAR,2024
452,32,JAWA BARAT,3210,KABUPATEN MAJALENGKA,PANEN,3643.0,HEKTAR,2024
453,32,JAWA BARAT,3211,KABUPATEN SUMEDANG,TANAM,0.0,HEKTAR,2024
454,32,JAWA BARAT,3211,KABUPATEN SUMEDANG,PANEN,0.0,HEKTAR,2024
455,32,JAWA BARAT,3212,KABUPATEN INDRAMAYU,TANAM,3227.0,HEKTAR,2024
456,32,JAWA BARAT,3212,KABUPATEN INDRAMAYU,PANEN,3227.0,HEKTAR,2024
457,32,JAWA BARAT,3213,KABUPATEN SUBANG,TANAM,3595.0,HEKTAR,2024
458,32,JAWA BARAT,3213,KABUPATEN SUBANG,PANEN,3595.0,HEKTAR,2024
459,32,JAWA BARAT,3214,KABUPATEN PURWAKARTA,TANAM,0.0,HEKTAR,2024
460,32,JAWA BARAT,3214,KABUPATEN PURWAKARTA,PANEN,0.0,HEKTAR,2024
461,32,JAWA BARAT,3215,KABUPATEN KARAWANG,TANAM,0.0,HEKTAR,2024
462,32,JAWA BARAT,3215,KABUPATEN KARAWANG,PANEN,0.0,HEKTAR,2024
463,32,JAWA BARAT,3216,KABUPATEN BEKASI,TANAM,0.0,HEKTAR,2024
464,32,JAWA BARAT,3216,KABUPATEN BEKASI,PANEN,0.0,HEKTAR,2024
465,32,JAWA BARAT,3217,KABUPATEN BANDUNG BARAT,TANAM,0.0,HEKTAR,2024
466,32,JAWA BARAT,3217,KABUPATEN BANDUNG BARAT,PANEN,0.0,HEKTAR,2024
467,32,JAWA BARAT,3218,KABUPATEN PANGANDARAN,TANAM,0.0,HEKTAR,2024
468,32,JAWA BARAT,3218,KABUPATEN PANGANDARAN,PANEN,0.0,HEKTAR,2024
469,32,JAWA BARAT,3271,KOTA BOGOR,TANAM,0.0,HEKTAR,2024
470,32,JAWA BARAT,3271,KOTA BOGOR,PANEN,0.0,HEKTAR,2024
471,32,JAWA BARAT,3272,KOTA SUKABUMI,TANAM,0.0,HEKTAR,2024
472,32,JAWA BARAT,3272,KOTA SUKABUMI,PANEN,0.0,HEKTAR,2024
473,32,JAWA BARAT,3273,KOTA BANDUNG,TANAM,0.0,HEKTAR,2024
474,32,JAWA BARAT,3273,KOTA BANDUNG,PANEN,0.0,HEKTAR,2024
475,32,JAWA BARAT,3274,KOTA CIREBON,TANAM,0.0,HEKTAR,2024
476,32,JAWA BARAT,3274,KOTA CIREBON,PANEN,0.0,HEKTAR,2024
477,32,JAWA BARAT,3275,KOTA BEKASI,TANAM,0.0,HEKTAR,2024
478,32,JAWA BARAT,3275,KOTA BEKASI,PANEN,0.0,HEKTAR,2024
479,32,JAWA BARAT,3276,KOTA DEPOK,TANAM,0.0,HEKTAR,2024
480,32,JAWA BARAT,3276,KOTA DEPOK,PANEN,0.0,HEKTAR,2024
481,32,JAWA BARAT,3277,KOTA CIMAHI,TANAM,0.0,HEKTAR,2024
482,32,JAWA BARAT,3277,KOTA CIMAHI,PANEN,0.0,HEKTAR,2024
483,32,JAWA BARAT,3278,KOTA TASIKMALAYA,TANAM,0.0,HEKTAR,2024
484,32,JAWA BARAT,3278,KOTA TASIKMALAYA,PANEN,0.0,HEKTAR,2024
485,32,JAWA BARAT,3279,KOTA BANJAR,TANAM,0.0,HEKTAR,2024
486,32,JAWA BARAT,3279,KOTA BANJAR,PANEN,0.0,HEKTAR,2024
